IMPACT,Consequence,TYPE,CAR2463,CAR2464,CAR2465,CAR2466,CAR2467,CAR2468,CAR2469,CAR2470,CAR2472,CAR2473,CAR2474,CAR2475,CAR2476,CAR2477,CAR2478,CAR2479,CAR2480,CAR2481,CAR2482,CAR2483,CAR2484,CAR2485,CAR2486,CAR2487,CAR2488,CAR2489,CAR2490,CAR2491,CAR2492
HIGH,frameshift_variant,INDEL,0,0,0,0,0,0,0,0,0,1,0,0,0,0,0,0,0,0,0,0,0,0,0,0,0,1,0,0,0
HIGH,splice_donor_variant,SNP,0,0,0,0,0,0,0,0,0,0,0,0,0,0,0,0,0,0,0,1,0,0,0,0,0,0,0,1,0
HIGH,stop_gained,SNP,0,0,0,0,0,0,0,0,0,0,0,0,0,0,1,1,1,0,0,0,0,1,0,0,0,0,2,0,0
HIGH,stop_gained&splice_region_variant,SNP,0,0,0,0,0,0,0,0,0,0,0,0,0,0,0,0,0,0,0,0,0,0,0,0,1,0,0,0,0
LOW,splice_donor_5th_base_variant&intron_variant,SNP,0,0,0,0,0,0,0,0,0,0,0,0,0,0,0,1,0,0,0,0,0,0,0,0,0,0,0,1,0
LOW,splice_donor_region_variant&intron_variant,SNP,0,0,0,0,0,0,0,0,1,0,0,0,0,0,0,0,0,0,0,0,0,0,1,0,0,0,1,0,0
LOW,splice_polypyrimidine_tract_variant&intron_variant,SNP,0,0,0,0,0,0,0,0,0,0,0,0,1,0,0,0,0,1,1,0,0,0,0,0,2,0,0,0,0
LOW,splice_polypyrimidine_tract_variant&splice_region_variant&intron_variant,INDEL,0,0,0,0,1,0,0,0,0,0,0,0,0,0,0,0,0,0,0,0,0,0,0,0,0,0,0,0,0
LOW,splice_polypyrimidine_tract_variant&splice_region_variant&intron_variant,SNP,0,0,0,0,0,0,0,0,0,0,0,0,0,0,0,1,0,1,0,0,0,0,0,0,0,0,0,0,0
LOW,splice_region_variant&synonymous_variant,SNP,0,0,0,0,0,0,0,0,0,0,1,0,0,0,0,0,0,0,0,0,0,0,0,0,0,0,0,0,0
LOW,synonymous_variant,SNP,0,0,1,0,0,0,0,0,1,3,0,4,0,2,0,1,1,0,2,1,0,1,2,1,0,0,1,0,0
MODERATE,inframe_deletion,INDEL,0,0,0,0,0,0,0,0,0,1,0,0,0,0,0,0,0,0,0,0,0,1,0,0,0,0,0,0,0
MODERATE,missense_variant,SNP,0,0,0,0,0,0,1,0,0,0,2,2,2,2,5,0,4,1,3,0,3,2,6,4,3,3,0,3,2
MODERATE,missense_variant&splice_region_variant,SNP,0,0,0,0,0,0,0,0,0,0,0,1,0,0,1,0,0,0,0,0,0,0,0,0,0,0,1,0,0
MODIFIER,3_prime_UTR_variant,INDEL,0,0,0,0,0,1,0,0,0,0,1,0,0,0,0,0,0,0,1,0,1,0,0,0,0,0,0,0,0
MODIFIER,3_prime_UTR_variant,SNP,0,0,0,0,1,0,0,0,0,1,4,3,0,1,0,1,0,0,2,1,2,1,1,2,2,2,0,1,0
MODIFIER,5_prime_UTR_variant,INDEL,1,0,1,0,0,0,0,0,0,1,0,0,0,0,1,0,0,0,0,1,0,0,0,0,0,0,0,0,0
MODIFIER,5_prime_UTR_variant,SNP,0,0,0,0,0,0,0,0,0,1,0,0,0,0,3,1,2,1,0,0,0,1,0,1,1,0,1,0,0
MODIFIER,downstream_gene_variant,INDEL,4,1,1,1,0,4,1,0,0,0,4,1,0,2,2,2,0,0,1,0,3,0,1,1,1,0,0,1,4
MODIFIER,downstream_gene_variant,SNP,0,0,0,0,1,1,0,4,0,8,10,6,8,4,8,4,2,5,5,5,6,3,3,2,4,5,3,5,8
MODIFIER,intergenic_variant,INDEL,1,1,0,3,5,1,4,1,2,4,5,1,4,4,2,1,2,1,5,0,4,2,2,1,3,5,3,1,1
MODIFIER,intergenic_variant,SNP,0,3,0,1,4,2,1,0,0,7,10,6,11,19,15,9,15,16,14,4,6,9,12,14,16,11,3,12,13
MODIFIER,intron_variant,INDEL,3,3,7,2,4,9,2,1,3,8,10,3,8,5,6,1,9,7,8,2,2,9,5,7,3,6,5,3,3
MODIFIER,intron_variant,SNP,2,3,2,2,3,2,2,3,2,21,36,21,52,24,32,21,20,27,23,12,27,10,25,31,19,26,16,27,30
MODIFIER,intron_variant&non_coding_transcript_variant,INDEL,0,1,0,1,0,0,1,1,0,0,1,0,0,0,2,0,0,0,0,0,0,1,0,2,0,0,2,0,0
MODIFIER,intron_variant&non_coding_transcript_variant,SNP,0,0,0,0,0,0,0,0,0,1,2,2,1,1,3,2,0,1,2,1,0,0,0,1,2,3,0,1,0
MODIFIER,non_coding_transcript_exon_variant,INDEL,0,0,1,0,0,0,0,0,0,0,0,0,0,0,0,0,0,0,0,0,0,0,0,0,0,0,0,0,0
MODIFIER,non_coding_transcript_exon_variant,SNP,0,0,2,0,0,0,0,0,0,0,0,0,1,0,0,0,0,0,0,0,0,0,0,0,0,0,0,0,0
MODIFIER,upstream_gene_variant,INDEL,2,2,2,1,2,1,0,1,1,3,2,1,1,0,0,4,3,1,1,0,0,0,0,0,0,0,0,0,1
MODIFIER,upstream_gene_variant,SNP,0,0,0,3,0,0,0,0,0,4,11,5,9,3,13,4,2,6,4,6,3,2,4,5,4,0,5,3,8
